Actual,Predicted,Error,Absolute_Error,Percentage_Error
76991.0,76938.3398436139,52.66015638610406,52.66015638610406,0.06839780803743822
76989.0,76989.91111821523,-0.9111182152264519,0.9111182152264519,0.0011834394721667405
76990.0,76989.321361598,0.6786384019942489,0.6786384019942489,0.0008814630497392505
77001.0,76989.00683498124,11.993165018764557,11.993165018764557,0.015575336708308407
76991.0,77000.59967271399,-9.599672713986365,9.599672713986365,0.012468564785476699
76993.0,76989.83763445148,3.162365548516391,3.162365548516391,0.0041073416395209835
76990.0,76991.9434788338,-1.9434788337966893,1.9434788337966893,0.0025243263200372635
76989.0,76989.01517001494,-0.01517001494357828,0.01517001494357828,1.970413298468389e-05
76990.0,76988.06585994936,1.9341400506382342,1.9341400506382342,0.0025121964549139294
77004.0,76989.06524322351,14.934756776492577,14.934756776492577,0.019394780500353977
77017.0,77003.02278500448,13.977214995524264,13.977214995524264,0.01814822051693037
77016.0,77015.76994616874,0.2300538312556455,0.2300538312556455,0.00029870913999122974
76976.0,77014.90762669612,-38.90762669612013,38.90762669612013,0.050545139648877746
76988.0,76976.04357555095,11.956424449046608,11.956424449046608,0.01553024425760717
77012.0,76988.06190247035,23.938097529651714,23.938097529651714,0.031083594153705544
77023.0,77011.09039592108,11.909604078915436,11.909604078915436,0.015462399645450625
77020.0,77021.7667876041,-1.7667876040941337,1.7667876040941337,0.0022939335290757383
77077.0,77019.03768324362,57.9623167563841,57.9623167563841,0.07520053551174034
77097.0,77075.41680486138,21.583195138620795,21.583195138620795,0.027994857307834017
77108.0,77095.3566447272,12.643355272797635,12.643355272797635,0.016396943602217197
77103.0,77106.87033994595,-3.870339945948217,3.870339945948217,0.005019700849445828
77120.0,77101.4539021622,18.54609783779597,18.54609783779597,0.024048363378884816
77116.0,77118.15206745605,-2.152067456045188,2.152067456045188,0.0027906886457352404
77114.0,77114.69918414463,-0.6991841446288163,0.6991841446288163,0.0009066889859543225
77114.0,77112.80551358535,1.194486414649873,1.194486414649873,0.0015489877514457467
77115.0,77112.79050394065,2.209496059353114,2.209496059353114,0.00286519621260859
77114.0,77113.32964047571,0.6703595242870506,0.6703595242870506,0.000869309754761847
77111.0,77112.8418078151,-1.8418078151007649,1.8418078151007649,0.00238851501744338
77083.0,77110.0654311333,-27.065431133305538,27.065431133305538,0.03511206249536932
77094.0,77082.62711799885,11.372882001145626,11.372882001145626,0.014751967729195042
77072.0,77093.12104815435,-21.121048154353048,21.121048154353048,0.02740430786064076
77036.0,77071.57326309275,-35.57326309275231,35.57326309275231,0.04617745351881239
77054.0,77036.03767205538,17.96232794462412,17.96232794462412,0.023311350409614195
77081.0,77053.07719065686,27.922809343144763,27.922809343144763,0.03622528164287537
77082.0,77079.71992566714,2.2800743328552926,2.2800743328552926,0.002957985434803576
77090.0,77080.79764759696,9.202352403037366,9.202352403037366,0.011937154498686426
77126.0,77088.5849870829,37.41501291710301,37.41501291710301,0.048511543340900624
77116.0,77124.46712832419,-8.467128324191435,8.467128324191435,0.010979729659462933
77127.0,77114.60199068321,12.398009316792013,12.398009316792013,0.01607479782280137
77166.0,77125.55210541391,40.447894586090115,40.447894586090115,0.05241673092565393
77169.0,77164.3626976852,4.637302314804401,4.637302314804401,0.006009281336811933
77169.0,77167.28419832079,1.7158016792091075,1.7158016792091075,0.0022234338649057364
77232.0,77167.43859339107,64.56140660893288,64.56140660893288,0.08359411462726964
77347.0,77230.61979149203,116.38020850796602,116.38020850796602,0.15046505812502878
77343.0,77345.63744670607,-2.6374467060668394,2.6374467060668394,0.00341006517211233
77340.0,77343.62364892256,-3.6236489225557307,3.6236489225557307,0.004685349007700712
77335.0,77338.0076896597,-3.0076896597020095,3.0076896597020095,0.0038891700519842367
77334.0,77332.99408610196,1.005913898043218,1.005913898043218,0.0013007395169566012
77372.0,77332.02726317896,39.972736821044236,39.972736821044236,0.05166305229416874
77369.0,77372.37252094342,-3.3725209434196586,3.3725209434196586,0.004359008056740631
77395.0,77367.11236940736,27.887630592638743,27.887630592638743,0.036032858185462556
77380.0,77392.90557529559,-12.905575295590097,12.905575295590097,0.016678179498048715
77480.0,77378.51943338076,101.48056661924056,101.48056661924056,0.13097646698404822
77437.0,77477.89079218483,-40.89079218482948,40.89079218482948,0.052805238044900345
77436.0,77435.2394543822,0.7605456177989254,0.7605456177989254,0.0009821602585346936
77440.0,77433.80584462016,6.194155379838776,6.194155379838776,0.007998651058676105
77448.0,77438.6157363015,9.384263698506402,9.384263698506402,0.012116857373342631
77424.0,77446.19026319629,-22.19026319628756,22.19026319628756,0.02866070365298559
77429.0,77423.08580544191,5.914194558092277,5.914194558092277,0.007638216376412296
77411.0,77427.40215455233,-16.402154552328284,16.402154552328284,0.021188402878568012
77426.0,77409.5377906772,16.46220932279539,16.46220932279539,0.021261862065450093
77421.0,77424.11009698205,-3.110096982054529,3.110096982054529,0.004017123237951626
77407.0,77419.4250606252,-12.425060625202605,12.425060625202605,0.016051598208434128
77395.0,77405.65228270776,-10.652282707756967,10.652282707756967,0.013763528274122317
77357.0,77393.01568973025,-36.015689730251324,36.015689730251324,0.046557764300905316
77412.0,77356.42721445946,55.5727855405421,55.5727855405421,0.07178833454831564
77388.0,77410.78159948908,-22.78159948908433,22.78159948908433,0.029438155126226714
77394.0,77386.97544268306,7.024557316937717,7.024557316937717,0.009076359041964127
77405.0,77392.24710582249,12.752894177509006,12.752894177509006,0.016475543152908736
77401.0,77403.3622084822,-2.3622084821981844,2.3622084821981844,0.003051909513053041
77371.0,77399.26141737588,-28.2614173758775,28.2614173758775,0.03652714502317083
77352.0,77370.22519587108,-18.225195871083997,18.225195871083997,0.023561376397616088
77345.0,77350.97679192075,-5.976791920751566,5.976791920751566,0.007727444464091494
77348.0,77343.84961696285,4.150383037151187,4.150383037151187,0.0053658569544799955
77352.0,77346.7183014903,5.281698509701528,5.281698509701528,0.006828134385279666
77349.0,77350.70687364881,-1.7068736488145078,1.7068736488145078,0.00220671715059601
77348.0,77347.7071386922,0.2928613077965565,0.2928613077965565,0.0003786281581896836
77345.0,77346.63517254498,-1.635172544978559,1.635172544978559,0.0021141283146661827
77351.0,77343.71995920215,7.2800407978502335,7.2800407978502335,0.009411695773616675
77348.0,77350.72107272361,-2.7210727236088132,2.7210727236088132,0.0035179613223468133
77348.0,77346.76722713186,1.2327728681411827,1.2327728681411827,0.0015938005742115926
77348.0,77346.69188614597,1.3081138540292159,1.3081138540292159,0.00169120578945702
77348.0,77346.72364943758,1.2763505624170648,1.2763505624170648,0.0016501403558166529
77347.0,77346.71728031905,0.28271968095214106,0.28271968095214106,0.0003655211979160679
77347.0,77345.84684195825,1.1531580417504301,1.1531580417504301,0.0014908891640922468
77347.0,77345.76339496607,1.2366050339333015,1.2366050339333015,0.0015987756912786552
77360.0,77345.82252651942,14.177473480580375,14.177473480580375,0.018326620321329336
77360.0,77358.84982575342,1.1501742465770803,1.1501742465770803,0.0014867816010562052
77371.0,77358.8216670373,12.178332962706918,12.178332962706918,0.015740177796211653
77353.0,77369.75143694537,-16.751436945371097,16.751436945371097,0.02165583357513102
77345.0,77352.5490570328,-7.549057032796554,7.549057032796554,0.009760239230456467
77279.0,77344.07850002128,-65.07850002127816,65.07850002127816,0.0842123992563027
77296.0,77279.94105607293,16.058943927069777,16.058943927069777,0.020775905515252765
77321.0,77295.68816253428,25.3118374657206,25.3118374657206,0.03273604514390735
77317.0,77320.29510923119,-3.2951092311850516,3.2951092311850516,0.004261817234482781
77312.0,77316.30464708616,-4.304647086159093,4.304647086159093,0.0055678899603672045
77308.0,77311.36828461761,-3.3682846176088788,3.3682846176088788,0.004356967736338903
77343.0,77307.0863916903,35.91360830969643,35.91360830969643,0.04643420646948842
77330.0,77342.15878933587,-12.158789335866459,12.158789335866459,0.015723250143367982
77334.0,77329.26405760915,4.735942390849232,4.735942390849232,0.006124010643247772
77333.0,77333.0188139815,-0.018813981499988586,0.018813981499988586,2.432852921778359e-05
77317.0,77332.05791241523,-15.057912415228202,15.057912415228202,0.019475551838830013
77321.0,77316.46368968725,4.536310312745627,4.536310312745627,0.005866854169948173
77321.0,77320.17878646305,0.8212135369540192,0.8212135369540192,0.0010620834404030202
77308.0,77320.1588456878,-12.158845687794383,12.158845687794383,0.01572779749546539
77293.0,77307.64592475492,-14.645924754920998,14.645924754920998,0.018948578467546866
77314.0,77292.72618977894,21.27381022105692,21.27381022105692,0.02751611638391096
77311.0,77313.36464008011,-2.3646400801080745,2.3646400801080745,0.003058607546284584
77322.0,77309.70715328719,12.292846712807659,12.292846712807659,0.01589825238975668
77309.0,77321.24243559032,-12.242435590320383,12.242435590320383,0.01583571846786323
77314.0,77308.50362102303,5.496378976968117,5.496378976968117,0.007109163899123208
77323.0,77312.77549687531,10.224503124685725,10.224503124685725,0.013223107128132282
77360.0,77322.03662412988,37.963375870123855,37.963375870123855,0.04907365029747137
77340.0,77359.17618925545,-19.17618925544957,19.17618925544957,0.024794658980410618
77335.0,77339.47529106807,-4.475291068069055,4.475291068069055,0.005786889594710098
77335.0,77334.10528675883,0.8947132411703933,0.8947132411703933,0.0011569318434995711
77333.0,77334.07396613859,-1.0739661385887302,1.0739661385887302,0.0013887553031548374
77332.0,77332.12825529388,-0.12825529387919232,0.12825529387919232,0.00016585022226140838
77302.0,77331.25073260593,-29.250732605927624,29.250732605927624,0.037839554741051495
77305.0,77301.15028635573,3.8497136442747433,3.8497136442747433,0.004979902521537731
77305.0,77304.26463404628,0.7353659537184285,0.7353659537184285,0.0009512527698317424
77299.0,77304.31963399787,-5.3196339978749165,5.3196339978749165,0.006881892389131705
77300.0,77298.40026052682,1.599739473182126,1.599739473182126,0.0020695206638837336
77284.0,77299.29743352314,-15.29743352314108,15.29743352314108,0.019793791112185034
77283.0,77283.68698851389,-0.686988513887627,0.686988513887627,0.0008889257843091328
77306.0,77282.30075160695,23.699248393051676,23.699248393051676,0.03065641527572462
77265.0,77305.22729769076,-40.22729769075522,40.22729769075522,0.052064062241319126
77273.0,77265.31940871678,7.680591283220565,7.680591283220565,0.00993955363868436
77264.0,77272.30001413138,-8.30001413138234,8.30001413138234,0.010742408018459233
77261.0,77263.36603684265,-2.366036842649919,2.366036842649919,0.0030623947951099765
77267.0,77260.36327774494,6.636722255061613,6.636722255061613,0.008589336010278144
77267.0,77266.15926569683,0.8407343031722121,0.8407343031722121,0.0010880897448745418
77267.0,77266.12054742067,0.8794525793346111,0.8794525793346111,0.0011381994633344263
77237.0,77266.15080137478,-29.150801374780713,29.150801374780713,0.037742016617399315
77200.0,77236.99559591686,-36.99559591685829,36.99559591685829,0.04792175636898742
77199.0,77200.36155582861,-1.3615558286110172,1.3615558286110172,0.0017636961989287649
77210.0,77198.5992262798,11.400773720204597,11.400773720204597,0.014765928921389195
77199.0,77209.55568608255,-10.555686082545435,10.555686082545435,0.013673345616582386
77197.0,77198.79965156235,-1.7996515623526648,1.7996515623526648,0.0023312454659542015
77205.0,77196.51055497257,8.48944502742961,8.48944502742961,0.010995978275279594
77202.0,77204.27935570102,-2.2793557010154473,2.2793557010154473,0.0029524568029525755
77209.0,77201.12614593332,7.873854066681815,7.873854066681815,0.010198103934362336
77209.0,77208.32441586006,0.6755841399426572,0.6755841399426572,0.0008750069809771622
77218.0,77208.21701650384,9.782983496159432,9.782983496159432,0.01266930443181568
77219.0,77217.20310551542,1.7968944845779333,1.7968944845779333,0.0023270108193293535
77224.0,77218.18498958062,5.815010419377359,5.815010419377359,0.007530055966250594
77237.0,77223.1634062256,13.836593774394714,13.836593774394714,0.01791446298327837
77253.0,77235.90699715422,17.093002845780575,17.093002845780575,0.02212600526294199
77235.0,77252.02491056299,-17.024910562991863,17.024910562991863,0.022042999369446318
77235.0,77234.53630659275,0.4636934072477743,0.4636934072477743,0.0006003669414744278
77219.0,77234.20654739636,-15.206547396359383,15.206547396359383,0.01969275359219801
77210.0,77218.6696712741,-8.66967127409589,8.66967127409589,0.011228689643952712
77210.0,77209.53718362248,0.4628163775196299,0.4628163775196299,0.0005994254339070456
77216.0,77209.47908742163,6.5209125783731,6.5209125783731,0.00844502768645501
77219.0,77215.27736616423,3.7226338357722852,3.7226338357722852,0.004820878068574166
77232.0,77218.35818233187,13.641817668132717,13.641817668132717,0.017663426647157546
77223.0,77231.12175538413,-8.121755384127027,8.121755384127027,0.010517275143580316
77211.0,77222.38181695336,-11.381816953362431,11.381816953362431,0.014741185780992903
77159.0,77210.6100212021,-51.610021202097414,51.610021202097414,0.06688788242732205
77142.0,77159.74915999235,-17.74915999235236,17.74915999235236,0.02300842600963465
77151.0,77142.20644876623,8.793551233771723,8.793551233771723,0.01139784478979109
77150.0,77150.69752477185,-0.6975247718510218,0.6975247718510218,0.0009041150639676238
77150.0,77149.6180848515,0.38191514849313535,0.38191514849313535,0.0004950293564395792
77162.0,77149.49953235398,12.500467646023026,12.500467646023026,0.016200289839588173
77209.0,77161.28875764585,47.71124235415482,47.71124235415482,0.06179492333038224
77241.0,77208.07480102763,32.92519897237071,32.92519897237071,0.04262658299655715
77240.0,77240.82163677149,-0.8216367714921944,0.8216367714921944,0.0010637451728278023
77257.0,77238.61187247912,18.388127520884154,18.388127520884154,0.023801244574451704
77296.0,77255.63690900189,40.363090998114785,40.363090998114785,0.052218861258169616
77324.0,77294.21198617705,29.788013822952053,29.788013822952053,0.03852363279570645
77331.0,77322.51726505511,8.482734944889671,8.482734944889671,0.010969384780863652
77405.0,77329.42951554089,75.57048445910914,75.57048445910914,0.09762997798476732
77397.0,77403.26273345185,-6.262733451847453,6.262733451847453,0.00809170052049492
77361.0,77395.37455400014,-34.37455400014005,34.37455400014005,0.044433957679114865
77357.0,77360.44910285393,-3.449102853934164,3.449102853934164,0.004458682283354014
77350.0,77356.09855223258,-6.098552232579095,6.098552232579095,0.00788435970598461
77350.0,77348.98236694025,1.0176330597460037,1.0176330597460037,0.0013156212795682012
77337.0,77349.18239300698,-12.18239300698042,12.18239300698042,0.01575234752703159
77331.0,77336.42075844713,-5.420758447129629,5.420758447129629,0.0070098129432305655
77346.0,77330.17336107935,15.82663892065466,15.82663892065466,0.020462129807171228
77317.0,77344.70097620263,-27.700976202628226,27.700976202628226,0.03582779492560268
77311.0,77316.67551469716,-5.6755146971554495,5.6755146971554495,0.007341147698458757
77298.0,77310.15508725525,-12.155087255247054,12.155087255247054,0.015724969928390196
77297.0,77297.06641658548,-0.06641658548323903,0.06641658548323903,8.592388512262963e-05
77297.0,77295.95293845364,1.0470615463564172,1.0470615463564172,0.0013545953224011504
77279.0,77295.98860214106,-16.988602141063893,16.988602141063893,0.021983465289488597
77271.0,77278.37804946135,-7.378049461345654,7.378049461345654,0.009548277440884231
77254.0,77269.96518748136,-15.965187481357134,15.965187481357134,0.020665839285159516
77235.0,77253.31559491414,-18.315594914136454,18.315594914136454,0.023714112661534868
77242.0,77234.50784635825,7.492153641753248,7.492153641753248,0.009699585253816896
77242.0,77241.03396725636,0.9660327436431544,0.9660327436431544,0.0012506573413986618
77242.0,77241.00890080283,0.9910991971701151,0.9910991971701151,0.0012831091856374966
77233.0,77241.08209608194,-8.082096081940108,8.082096081940108,0.010464563181464022
77238.0,77232.19535639804,5.804643601964926,5.804643601964926,0.00751526917057009
77241.0,77236.9117272079,4.088272792097996,4.088272792097996,0.00529287916015846
77241.0,77239.89164094035,1.1083590596535942,1.1083590596535942,0.0014349361862917287
77263.0,77239.92661041765,23.0733895823505,23.0733895823505,0.029863439916066555
77263.0,77261.84357154084,1.156428459158633,1.156428459158633,0.0014967428900749815
77256.0,77261.80078069374,-5.8007806937384885,5.8007806937384885,0.007508518035801088
77247.0,77255.01709920014,-8.017099200136727,8.017099200136727,0.010378524991438796
77247.0,77246.1370833943,0.8629166057071416,0.8629166057071416,0.0011170875318227782
77257.0,77245.96720624134,11.032793758655316,11.032793758655316,0.01428063962961973
77257.0,77255.95766699435,1.0423330056510167,1.0423330056510167,0.0013491761337497143
77256.0,77256.03728522123,-0.037285221231286414,0.037285221231286414,4.8261910053958804e-05
77256.0,77255.07462378628,0.9253762137232115,0.9253762137232115,0.0011978049778958418
77256.0,77255.00617294207,0.9938270579295931,0.9938270579295931,0.0012864076032018136
77256.0,77255.01606910615,0.9839308938535396,0.9839308938535396,0.0012735980297369001
77290.0,77255.05820720969,34.94179279031232,34.94179279031232,0.045208685199006754
77300.0,77289.36205822752,10.637941772482009,10.637941772482009,0.013761891038139728
77298.0,77298.81807694549,-0.8180769454920664,0.8180769454920664,0.0010583416718311812
77289.0,77296.72218055729,-7.722180557291722,7.722180557291722,0.009991306081449783
77280.0,77288.42527713884,-8.42527713884192,8.42527713884192,0.010902273730385508
77280.0,77279.03601598219,0.9639840178133454,0.9639840178133454,0.0012473913273982214
77276.0,77279.1078263527,-3.1078263527015224,3.1078263527015224,0.004021722595244995
77264.0,77275.2001833068,-11.200183306806139,11.200183306806139,0.014495992062029067
77253.0,77263.46129156489,-10.461291564890416,10.461291564890416,0.013541599115750088
77253.0,77252.42369432449,0.5763056755095022,0.5763056755095022,0.0007459977936254931
77254.0,77252.1741900408,1.8258099592057988,1.8258099592057988,0.0023633856618502586
77266.0,77253.17189638704,12.828103612962877,12.828103612962877,0.016602520659750573
77280.0,77265.42270284612,14.577297153882682,14.577297153882682,0.018862962155645292
77289.0,77279.01753012209,9.98246987791208,9.98246987791208,0.0129157705209177
77308.0,77287.8828704594,20.11712954059476,20.11712954059476,0.026022054044335333
77316.0,77306.78348369905,9.21651630094857,9.21651630094857,0.011920580864178914
77311.0,77314.78099173475,-3.7809917347476585,3.7809917347476585,0.004890625829115726
77350.0,77309.85267626772,40.14732373227889,40.14732373227889,0.051903456667458166
77376.0,77348.82921466786,27.17078533214226,27.17078533214226,0.035115262267553585
77393.0,77374.54373771891,18.456262281091767,18.456262281091767,0.0238474568515134
77415.0,77391.6081007912,23.39189920880017,23.39189920880017,0.0302162361413165
77447.0,77413.28593026711,33.714069732886855,33.714069732886855,0.0435317955929692
77513.0,77445.46273945147,67.53726054853178,67.53726054853178,0.08713023692610501
77485.0,77518.18278278694,-33.18278278694197,33.18278278694197,0.04282478258623214
77431.0,77484.64865667773,-53.648656677731196,53.648656677731196,0.06928575980903152
77402.0,77430.80577464488,-28.805774644875783,28.805774644875783,0.03721580145845816
77392.0,77401.67151448103,-9.67151448102959,9.67151448102959,0.012496788403232364
77363.0,77391.24495484328,-28.24495484327781,28.24495484327781,0.03650964264994611
77367.0,77363.44578863334,3.554211366659729,3.554211366659729,0.004593963016091782
77339.0,77366.76259465238,-27.76259465237672,27.76259465237672,0.035897276474193766
77365.0,77338.83555245689,26.164447543109418,26.164447543109418,0.033819488842641264
77399.0,77364.1232441334,34.87675586660043,34.87675586660043,0.04506099027971994
77393.0,77398.26649463593,-5.266494635929121,5.266494635929121,0.00680487206327332
77400.0,77391.76670507161,8.233294928388204,8.233294928388204,0.01063733194882197
77390.0,77398.17921742839,-8.179217428390984,8.179217428390984,0.010568829859660143
77364.0,77388.5513413936,-24.551341393598705,24.551341393598705,0.03173483971045797
77358.0,77363.10755515099,-5.107555150985718,5.107555150985718,0.006602491210974582
77342.0,77356.98414548414,-14.984145484137116,14.984145484137116,0.01937387898442905
77349.0,77341.08973266075,7.910267339248094,7.910267339248094,0.010226722180310144
77360.0,77347.86930977284,12.130690227160812,12.130690227160812,0.015680830179887296
77360.0,77358.83280952707,1.1671904729300877,1.1671904729300877,0.0015087777571485105
77370.0,77358.77015715398,11.229842846019892,11.229842846019892,0.014514466648597507
77379.0,77368.75879299878,10.241207001221483,10.241207001221483,0.013235124518566385
77365.0,77377.54755267489,-12.547552674892358,12.547552674892358,0.01621864237690475
77391.0,77363.9583106161,27.04168938389921,27.04168938389921,0.034941646165444575
77384.0,77389.83140933473,-5.83140933472896,5.83140933472896,0.007535678350471621
77410.0,77382.94669663993,27.05330336006591,27.05330336006591,0.03494807306558056
77384.0,77407.78854198089,-23.788541980888112,23.788541980888112,0.030740905071963344
77384.0,77382.85464505876,1.1453549412399298,1.1453549412399298,0.0014800927081049437
77368.0,77382.79704112647,-14.797041126468685,14.797041126468685,0.019125531390844646
77348.0,77367.18297054648,-19.18297054647701,19.18297054647701,0.02480086175011249
77356.0,77346.69532954367,9.304670456331223,9.304670456331223,0.012028375893700842
77386.0,77355.4215710839,30.57842891609471,30.57842891609471,0.03951416136781163
77401.0,77385.03969973903,15.960300260965596,15.960300260965596,0.020620276560981896
77389.0,77399.80425248365,-10.80425248364918,10.80425248364918,0.013960966653722338
77389.0,77388.03041407312,0.9695859268831555,0.9695859268831555,0.0012528730528668874
77389.0,77387.73386286527,1.2661371347348904,1.2661371347348904,0.0016360686075991295
77399.0,77387.75510276186,11.244897238138947,11.244897238138947,0.01452847871179078
77441.0,77397.77803421147,43.221965788528905,43.221965788528905,0.05581276815708592
77452.0,77440.32778335799,11.672216642007697,11.672216642007697,0.015070258536910214
77452.0,77450.44898762058,1.5510123794229003,1.5510123794229003,0.0020025465829454376
77445.0,77450.45112246789,-5.451122467886307,5.451122467886307,0.007038701617775592
77442.0,77444.98115574977,-2.9811557497741887,2.9811557497741887,0.0038495335215699344
77487.0,77440.64331677649,46.3566832235083,46.3566832235083,0.0598251103069009
77507.0,77486.98676053768,20.013239462321508,20.013239462321508,0.025821202552442368
77475.0,77505.55241940677,-30.55241940676933,30.55241940676933,0.03943519768540733
77433.0,77474.28509119713,-41.285091197132715,41.285091197132715,0.05331717897683509
77419.0,77432.67080931758,-13.670809317583917,13.670809317583917,0.017658209635340056
77426.0,77418.36238267116,7.637617328844499,7.637617328844499,0.009864409021316483
77444.0,77425.94996383555,18.05003616445174,18.05003616445174,0.02330721058371435
77430.0,77444.99685351895,-14.996853518954595,14.996853518954595,0.0193682726578259
77417.0,77429.41662192685,-12.416621926851803,12.416621926851803,0.01603862449701203
77396.0,77416.32301012188,-20.323010121879634,20.323010121879634,0.02625847604770225
77452.0,77395.5949221356,56.40507786440139,56.40507786440139,0.07282585067448406
77519.0,77450.70080852353,68.2991914764716,68.2991914764716,0.08810638872595314
77548.0,77517.66881497965,30.33118502034631,30.33118502034631,0.03911278823483044
77579.0,77555.48515468826,23.514845311743557,23.514845311743557,0.03031083838634625
77581.0,77576.40143145632,4.598568543675356,4.598568543675356,0.0059274416979355204
77655.0,77579.52093244533,75.47906755466829,75.47906755466829,0.09719794933316372
77681.0,77654.48085634215,26.519143657846143,26.519143657846143,0.03413851991844356
77683.0,77676.39321603652,6.6067839634779375,6.6067839634779375,0.008504800231038886
77674.0,77680.2848877778,-6.284887777801487,6.284887777801487,0.008091366194352662
77728.0,77672.31170565676,55.68829434324289,55.68829434324289,0.07164508844077153
77732.0,77727.20804877041,4.791951229592087,4.791951229592087,0.006164708523635165
77745.0,77729.22750424888,15.772495751123643,15.772495751123643,0.020287472829279878
77759.0,77742.72119886271,16.27880113729043,16.27880113729043,0.020934941469528193
77746.0,77757.89470498222,-11.894704982216354,11.894704982216354,0.01529944303528973
77782.0,77746.95074768898,35.04925231101515,35.04925231101515,0.04506087823791514
77757.0,77780.24443861243,-23.244438612426165,23.244438612426165,0.029893692673876517
77772.0,77756.02912693405,15.970873065947671,15.970873065947671,0.020535505150886785
77753.0,77769.4738110109,-16.473811010902864,16.473811010902864,0.02118736384564308
77803.0,77750.76967183902,52.23032816097839,52.23032816097839,0.06713150927467885
77807.0,77802.72589983039,4.274100169612211,4.274100169612211,0.005493207770010682
77872.0,77805.3719599613,66.62804003870406,66.62804003870406,0.08556097190094522
77985.0,77869.75934891269,115.24065108731156,115.24065108731156,0.14777284232520557
77941.0,77982.3324396448,-41.332439644800615,41.332439644800615,0.05303041999050643
77983.0,77949.88542085903,33.11457914096536,33.11457914096536,0.042463843582531274
78109.0,77981.1605807834,127.83941921660153,127.83941921660153,0.16366797579869352
78075.0,78105.7346037598,-30.734603759803576,30.734603759803576,0.03936548672405197
78058.0,78076.39628731087,-18.3962873108685,18.3962873108685,0.023567459210930976
78028.0,78057.22402501098,-29.22402501097531,29.22402501097531,0.03745325397418274
78087.0,78025.32447978389,61.67552021611482,61.67552021611482,0.07898308324831896
77994.0,78088.38369527238,-94.38369527237955,94.38369527237955,0.12101404630148414
77974.0,77994.6955414242,-20.695541424196563,20.695541424196563,0.02654159261317434
77936.0,77973.71913340522,-37.7191334052186,37.7191334052186,0.04839757417011214
77944.0,77935.85553173936,8.14446826063795,8.14446826063795,0.010449127913165799
77948.0,77943.63516409858,4.364835901418701,4.364835901418701,0.005599676581078027
78027.0,77945.89115793526,81.10884206474293,81.10884206474293,0.10394971236205791
78010.0,78025.16412684642,-15.164126846415456,15.164126846415456,0.01943869612410647
78019.0,78008.7190719923,10.28092800770537,10.28092800770537,0.013177467037138863
77984.0,78016.60691877642,-32.60691877642239,32.60691877642239,0.04181231890698398
77992.0,77982.54819096338,9.451809036618215,9.451809036618215,0.0121189468620092
77989.0,77990.47644821089,-1.476448210887611,1.476448210887611,0.0018931493042449717
77986.0,77986.50429671038,-0.5042967103800038,0.5042967103800038,0.0006466503095170976
77966.0,77983.92265153724,-17.922651537242928,17.922651537242928,0.022987778694870748
77930.0,77964.5993116603,-34.59931166030583,34.59931166030583,0.04439793617388147
77961.0,77929.14143669071,31.858563309288,31.858563309288,0.040864744307138184
77964.0,77960.29785320433,3.7021467956656124,3.7021467956656124,0.00474853367665283
77984.0,77962.37453138118,21.62546861881856,21.62546861881856,0.027730648105789086
77982.0,77982.28036634736,-0.2803663473605411,0.2803663473605411,0.0003595270028475047
77886.0,77980.0738478336,-94.07384783359885,94.07384783359885,0.12078402772462168
78035.0,77886.88552034035,148.11447965964908,148.11447965964908,0.18980518954270403
78112.0,78033.724564901,78.27543509899988,78.27543509899988,0.10020923174288186
78131.0,78109.6411365248,21.358863475194084,21.358863475194084,0.027337245747774998
78122.0,78127.29401236263,-5.294012362632202,5.294012362632202,0.006776596045457365
78191.0,78119.65971293562,71.34028706437675,71.34028706437675,0.09123848916675417
78154.0,78188.1374116401,-34.137411640098435,34.137411640098435,0.043679673004706654
78198.0,78152.93845646191,45.06154353808961,45.06154353808961,0.05762493099323462
78198.0,78196.50057657814,1.4994234218611382,1.4994234218611382,0.0019174702957379193
78198.0,78195.88722713322,2.1127728667779593,2.1127728667779593,0.0027018246844906
78209.0,78195.89861043828,13.10138956172159,13.10138956172159,0.016751767138975807
78328.0,78207.09336327853,120.90663672146911,120.90663672146911,0.15435940751898314
78342.0,78328.21193218254,13.788067817455158,13.788067817455158,0.017599841486629342
78329.0,78335.45871642507,-6.458716425069724,6.458716425069724,0.008245626045359604
78352.0,78332.08752773106,19.91247226894484,19.91247226894484,0.025414121233593066
78344.0,78352.62016224794,-8.620162247942062,8.620162247942062,0.011002964168209515
78379.0,78340.63415534078,38.365844659216236,38.365844659216236,0.04894913772721805
78374.0,78376.93094721671,-2.930947216707864,2.930947216707864,0.0037396932869419243
78359.0,78371.74217249943,-12.742172499434673,12.742172499434673,0.01626127502831158
78283.0,78357.29135177218,-74.2913517721754,74.2913517721754,0.094901002480967
78284.0,78283.18196059807,0.818039401929127,0.818039401929127,0.001044963724297592
78331.0,78281.70811511009,49.29188488991349,49.29188488991349,0.06292768493944095
78331.0,78329.17178955108,1.8282104489189805,1.8282104489189805,0.002333955201540872
78321.0,78332.31762481086,-11.3176248108648,11.3176248108648,0.014450306828136514
78325.0,78320.60582185746,4.394178142538294,4.394178142538294,0.005610185946426166
78351.0,78325.89826042802,25.101739571982762,25.101739571982762,0.03203754843203375
78311.0,78349.66606050063,-38.66606050063274,38.66606050063274,0.04937500542788719
78308.0,78310.12676883077,-2.126768830770743,2.126768830770743,0.002715902373666475
78313.0,78305.8269696047,7.173030395293608,7.173030395293608,0.009159437635250353
78301.0,78311.29745257238,-10.297452572383918,10.297452572383918,0.013151112466486913
78279.0,78299.40554186059,-20.4055418605858,20.4055418605858,0.026067708913739062
78275.0,78277.7651165892,-2.76511658920208,2.76511658920208,0.0035325667061029443
78292.0,78270.44599136531,21.554008634688216,21.554008634688216,0.027530282320911734
78336.0,78289.76256546818,46.237434531823965,46.237434531823965,0.05902450282350894
78468.0,78332.85603428037,135.14396571963152,135.14396571963152,0.1722281257578013
78429.0,78465.85406909202,-36.85406909201993,36.85406909201993,0.04699035955070181
78452.0,78429.79047408816,22.209525911835954,22.209525911835954,0.0283097000864681
78493.0,78454.15516708231,38.84483291768993,38.84483291768993,0.04948827655675019
78494.0,78489.81493507243,4.1850649275729666,4.1850649275729666,0.005331700419870266
78308.0,78488.46575411806,-180.46575411806407,180.46575411806407,0.23045634433016302
78210.0,78310.85083873787,-100.85083873786789,100.85083873786789,0.12894877731475246
78182.0,78213.43970152485,-31.439701524854172,31.439701524854172,0.04021347819811999
78188.0,78184.92771248917,3.072287510833121,3.072287510833121,0.003929359378463601
78186.0,78186.46508738051,-0.46508738050761167,0.46508738050761167,0.0005948473902074689
78152.0,78190.01813389748,-38.018133897479856,38.018133897479856,0.04864639919321304
78249.0,78156.64729754394,92.3527024560608,92.3527024560608,0.11802413124264949
78207.0,78248.631243123,-41.631243123003514,41.631243123003514,0.053232118765588136
78303.0,78206.49213104592,96.50786895408237,96.50786895408237,0.1232492611446335
78302.0,78302.39179682967,-0.39179682967369445,0.39179682967369445,0.0005003663120657128
78363.0,78300.82638034767,62.173619652327034,62.173619652327034,0.07934053016388734
78360.0,78361.75252205587,-1.7525220558745787,1.7525220558745787,0.0022365008370017593
78392.0,78359.7325082653,32.26749173470307,32.26749173470307,0.04116171514274808
78442.0,78388.38040060649,53.619599393510725,53.619599393510725,0.06835572702571419
78484.0,78439.86645535307,44.133544646931114,44.133544646931114,0.05623253739224697
78780.0,78481.53966066414,298.4603393358557,298.4603393358557,0.37885293137326187
78789.0,78778.20510748394,10.794892516059917,10.794892516059917,0.013701014755942983
78814.0,78791.92373017433,22.07626982567308,22.07626982567308,0.02801059434322973
78779.0,78819.88143845767,-40.88143845766899,40.88143845766899,0.0518938276160766
78726.0,78775.1236684344,-49.12366843440395,49.12366843440395,0.062398278122099374
78707.0,78725.7630014075,-18.76300140749663,18.76300140749663,0.023839050411649066
78721.0,78705.23111819892,15.76888180107926,15.76888180107926,0.020031353515681024
78721.0,78719.728514614,1.2714853859943105,1.2714853859943105,0.0016151794133640457
78720.0,78724.9694404119,-4.9694404119072715,4.9694404119072715,0.006312805401304969
78630.0,78720.4806051235,-90.4806051235064,90.4806051235064,0.11507135333016201
78705.0,78630.78531360991,74.21468639008526,74.21468639008526,0.0942947543232136
78678.0,78701.38422544098,-23.384225440982846,23.384225440982846,0.02972142840563162
78616.0,78674.97216359363,-58.972163593629375,58.972163593629375,0.07501292814901467
78667.0,78615.9724766755,51.02752332450473,51.02752332450473,0.06486522089885813
78703.0,78665.21226799862,37.78773200137948,37.78773200137948,0.04801307701279428
78708.0,78702.31628119426,5.6837188057397725,5.6837188057397725,0.0072212720507950565
78661.0,78704.8812043532,-43.881204353194335,43.881204353194335,0.0557852104005725
78658.0,78660.188453149,-2.1884531490068184,2.1884531490068184,0.002782238486875866
78663.0,78656.81967545475,6.180324545246549,6.180324545246549,0.007856710963536287
78737.0,78659.3496730398,77.65032696019625,77.65032696019625,0.09861986989623207
78822.0,78735.20791205984,86.79208794016449,86.79208794016449,0.11011150178904937
78686.0,78824.74310296125,-138.74310296124895,138.74310296124895,0.17632501710755275
78631.0,78687.10752664105,-56.107526641048025,56.107526641048025,0.071355478934578
78668.0,78633.78314295765,34.216857042352785,34.216857042352785,0.04349526750693139
78647.0,78667.37084961856,-20.37084961855726,20.37084961855726,0.02590162322600641
78544.0,78649.00109509067,-105.0010950906726,105.0010950906726,0.13368442540572495
78484.0,78546.18212305574,-62.182123055739794,62.182123055739794,0.07922904420740508
78509.0,78487.29401389971,21.705986100292648,21.705986100292648,0.027647767899594503
78531.0,78508.61068218312,22.389317816880066,22.389317816880066,0.0285101651792032
78431.0,78532.07392027162,-101.07392027162132,101.07392027162132,0.12886986047815446
78440.0,78433.3804936489,6.619506351096788,6.619506351096788,0.008438942313993867
78396.0,78439.216370931,-43.21637093099707,43.21637093099707,0.055125734643345414
78326.0,78397.69925366862,-71.69925366861571,71.69925366861571,0.0915395317884428
78251.0,78326.34370617245,-75.3437061724544,75.3437061724544,0.09628465600753269
78265.0,78243.52107165658,21.478928343422012,21.478928343422012,0.02744384890234717
78278.0,78265.61280841735,12.387191582645755,12.387191582645755,0.015824614301139215
78277.0,78277.63533669013,-0.6353366901312256,0.6353366901312256,0.0008116518135994297
78156.0,78276.95739511358,-120.9573951135826,120.9573951135826,0.1547640553682156
78253.0,78158.88065614185,94.11934385815402,94.11934385815402,0.12027570043085123
78277.0,78252.64799825582,24.35200174417696,24.35200174417696,0.03111003454932734
78282.0,78276.88587353363,5.114126466374728,5.114126466374728,0.006532953254100212
78238.0,78280.70235288108,-42.702352881082334,42.702352881082334,0.054580067078762666
78258.0,78237.14307471232,20.85692528767686,20.85692528767686,0.02665149286676999
78156.0,78258.3697197224,-102.36971972239553,102.36971972239553,0.13098126787757244
78038.0,78158.4403147433,-120.44031474330404,120.44031474330404,0.1543354708517697
78183.0,78044.0061430371,138.9938569629012,138.9938569629012,0.17778015292698054
78227.0,78183.62648710265,43.37351289734943,43.37351289734943,0.055445706594078034
78197.0,78228.39898602778,-31.398986027779756,31.398986027779756,0.04015369646889236
78160.0,78196.61133307348,-36.61133307348064,36.61133307348064,0.046841521332498255
78163.0,78161.02774376924,1.972256230757921,1.972256230757921,0.0025232606613844414
78212.0,78161.67831719284,50.32168280715996,50.32168280715996,0.06434010485240112
78204.0,78212.12827843946,-8.128278439457063,8.128278439457063,0.010393686306911492
78194.0,78204.72726355496,-10.72726355495979,10.72726355495979,0.013718780923037304
78246.0,78192.08873228508,53.91126771492418,53.91126771492418,0.06889971080301124
78264.0,78246.46700553942,17.532994460576447,17.532994460576447,0.022402374604641274
78327.0,78264.92657360906,62.07342639093986,62.07342639093986,0.07924907936080772
78385.0,78326.45150934685,58.5484906531492,58.5484906531492,0.07469348810760885
78350.0,78383.89121977634,-33.89121977634204,33.89121977634204,0.04325618350522277
78441.0,78347.58076175977,93.41923824022524,93.41923824022524,0.11909490985610234
78440.0,78440.32713430878,-0.3271343087835703,0.3271343087835703,0.0004170503681585547
78376.0,78438.81522846942,-62.815228469422436,62.815228469422436,0.0801459993740717
78321.0,78377.00479477814,-56.00479477814224,56.00479477814224,0.07150674120369026
78355.0,78322.8126115812,32.18738841879531,32.18738841879531,0.041078920833125275
78385.0,78354.94624593234,30.05375406765961,30.05375406765961,0.038341205674120825
78387.0,78384.70727838627,2.292721613732283,2.292721613732283,0.0029248748054298327
78330.0,78386.37592571006,-56.37592571006098,56.37592571006098,0.07197232951622748
78361.0,78330.8909625339,30.109037466099835,30.109037466099835,0.038423498253084866
78303.0,78359.78941263055,-56.789412630547304,56.789412630547304,0.07252520673607309
78274.0,78302.30165099751,-28.301650997513207,28.301650997513207,0.0361571543520367
78256.0,78274.47787966726,-18.477879667261732,18.477879667261732,0.023612093216190108
78292.0,78252.38052731559,39.61947268441145,39.61947268441145,0.05060475231749278
78280.0,78292.60577029672,-12.605770296722767,12.605770296722767,0.01610343676127078
78263.0,78278.95251314505,-15.952513145050034,15.952513145050034,0.02038321192012833
78257.0,78263.39824288087,-6.398242880866746,6.398242880866746,0.008175936824650506
78196.0,78255.04139825588,-59.041398255882086,59.041398255882086,0.07550437139480547
78236.0,78196.83438271598,39.16561728401575,39.16561728401575,0.05006086364846842
78294.0,78236.26635490476,57.73364509524254,57.73364509524254,0.07373955232232679
78283.0,78293.44709973277,-10.447099732773495,10.447099732773495,0.013345298127017994
78322.0,78285.40843322077,36.59156677922874,36.59156677922874,0.046719397843809844
78406.0,78321.4380421864,84.56195781359565,84.56195781359565,0.10785138613574938
78473.0,78404.03043265638,68.96956734362175,68.96956734362175,0.087889550983933
78459.0,78469.28413737415,-10.284137374153943,10.284137374153943,0.01310765797952299
78523.0,78457.14068887616,65.85931112384424,65.85931112384424,0.0838726374741722
78470.0,78520.85850214145,-50.85850214144739,50.85850214144739,0.06481266999037516
78420.0,78469.44516753223,-49.445167532234336,49.445167532234336,0.06305173110460895
78434.0,78420.80380403764,13.196195962358615,13.196195962358615,0.016824586228368583
78469.0,78432.14772776865,36.85227223135007,36.85227223135007,0.04696411606029141
78468.0,78470.27706586377,-2.2770658637746237,2.2770658637746237,0.002901903787244002
78476.0,78466.36890918728,9.631090812719776,9.631090812719776,0.012272657644018267
78497.0,78474.58180310941,22.41819689059048,22.41819689059048,0.02855930403784919
78580.0,78495.49359464383,84.50640535616549,84.50640535616549,0.10754187497603142
78475.0,78579.08720475713,-104.08720475713199,104.08720475713199,0.1326374065079732
78540.0,78477.31565268323,62.68434731676825,62.68434731676825,0.07981200320444137
78575.0,78538.6779873613,36.32201263870229,36.32201263870229,0.04622591490767075
78545.0,78573.24147093078,-28.241470930777723,28.241470930777723,0.03595578449395598
78524.0,78543.78880402893,-19.78880402892537,19.78880402892537,0.025200962799813265
78537.0,78523.09897019163,13.901029808374005,13.901029808374005,0.017699975563586597
78577.0,78535.39472010254,41.60527989745606,41.60527989745606,0.05294841989062455
78564.0,78575.85798463237,-11.857984632370062,11.857984632370062,0.015093407454266664
78544.0,78563.81455907493,-19.81455907493364,19.81455907493364,0.025227336365519507
78554.0,78542.12510618508,11.874893814921961,11.874893814921961,0.015116854412152101
78584.0,78552.86154107813,31.138458921865094,31.138458921865094,0.03962442599239679
78532.0,78583.80112325537,-51.80112325536902,51.80112325536902,0.06596180315714488
78560.0,78531.8251032771,28.17489672290685,28.17489672290685,0.0358641760729466
78700.0,78558.44950260072,141.55049739927927,141.55049739927927,0.17986086073606006
78664.0,78698.17008124643,-34.17008124642598,34.17008124642598,0.043438016432454464
78671.0,78662.19533082917,8.804669170829584,8.804669170829584,0.01119175956938336
78718.0,78668.50231264194,49.49768735805992,49.49768735805992,0.0628797573084427
78652.0,78716.4116045739,-64.41160457390652,64.41160457390652,0.08189442680911677
78647.0,78651.73567556484,-4.735675564836129,4.735675564836129,0.006021431923450517
78644.0,78647.84761144774,-3.847611447738018,3.847611447738018,0.004892441187805832
78668.0,78642.6656520033,25.33434799670067,25.33434799670067,0.03220413382404621
78640.0,78666.61349940888,-26.61349940887885,26.61349940887885,0.03384219151688562
78653.0,78639.66255621807,13.337443781929323,13.337443781929323,0.016957323664614603
78664.0,78651.60546206498,12.394537935018889,12.394537935018889,0.015756302673419723
78641.0,78662.18514489183,-21.185144891831442,21.185144891831442,0.0269390583688298
78666.0,78639.70388772649,26.296112273514154,26.296112273514154,0.03342754464891332
78451.0,78664.58248681715,-213.58248681714758,213.58248681714758,0.272249540244417
78299.0,78445.741772096,-146.74177209599293,146.74177209599293,0.1874120641336325
78317.0,78302.25591945036,14.744080549644423,14.744080549644423,0.018826155942700082
78310.0,78320.3170919757,-10.317091975695803,10.317091975695803,0.013174680086445924
78368.0,78310.03171511095,57.968284889051574,57.968284889051574,0.07396933045254642
78370.0,78368.44264392486,1.5573560751363402,1.5573560751363402,0.0019871839672532094
78387.0,78368.7097141221,18.290285877897986,18.290285877897986,0.023333315317460787
78420.0,78384.40169103621,35.59830896378844,35.59830896378844,0.045394426120617754
78459.0,78418.78571210425,40.21428789575293,40.21428789575293,0.051255162436116865
78453.0,78457.43746587183,-4.437465871829772,4.437465871829772,0.005656209286872105
78532.0,78451.81860460679,80.18139539321419,80.18139539321419,0.10210028446138414
78635.0,78531.15236167776,103.84763832224417,103.84763832224417,0.13206287063298044
78594.0,78632.42543473768,-38.425434737684554,38.425434737684554,0.048891053690720096
78560.0,78593.89793768758,-33.89793768757954,33.89793768757954,0.04314910601779473
78631.0,78559.19422640164,71.80577359836025,71.80577359836025,0.09131992928788932
78665.0,78628.98594079341,36.01405920658726,36.01405920658726,0.0457815536853585
78654.0,78663.34738308714,-9.347383087137132,9.347383087137132,0.011884180190628743
78568.0,78652.32208858311,-84.3220885831106,84.3220885831106,0.10732370504927019
78540.0,78571.41753558599,-31.417535585991573,31.417535585991573,0.04000195516423678
78509.0,78541.51397558808,-32.51397558808094,32.51397558808094,0.04141432904263325
78496.0,78511.06942440048,-15.069424400484422,15.069424400484422,0.019197697208118147
78497.0,78497.48307127401,-0.4830712740076706,0.4830712740076706,0.0006154009376252221
78470.0,78498.90635399162,-28.9063539916242,28.9063539916242,0.03683745889081713
78396.0,78470.56229275887,-74.56229275887017,74.56229275887017,0.09510981779538519
78398.0,78397.80406607085,0.19593392914975993,0.19593392914975993,0.00024992210152014073
78384.0,78398.76086964314,-14.760869643141632,14.760869643141632,0.018831483010744072
78337.0,78382.68544207551,-45.68544207551167,45.68544207551167,0.058319111116728585
78355.0,78337.38405935526,17.615940644740476,17.615940644740476,0.02248221638024437
78326.0,78355.38234672871,-29.382346728714765,29.382346728714765,0.03751289064769651
78316.0,78326.66279111922,-10.662791119219037,10.662791119219037,0.013615086469200465
78323.0,78316.43446015807,6.5655398419330595,6.5655398419330595,0.008382646019602237
78360.0,78320.14961674382,39.850383256183704,39.850383256183704,0.05085551717226098
78413.0,78359.26008918724,53.739910812757444,53.739910812757444,0.06853444047894794
78277.0,78412.0431188311,-135.04311883110495,135.04311883110495,0.17251953809050544
78273.0,78281.95170402408,-8.951704024075298,8.951704024075298,0.011436515815255961
78239.0,78275.01951265069,-36.01951265068783,36.01951265068783,0.04603779783827481
78249.0,78237.71032587119,11.289674128813203,11.289674128813203,0.014427882949064144
78268.0,78250.00282528477,17.997174715230358,17.997174715230358,0.022994294878149895
78330.0,78267.73191965056,62.26808034944406,62.26808034944406,0.07949454915031796
78320.0,78330.19409137701,-10.19409137700859,10.19409137700859,0.013015949153483898
78293.0,78321.03042763003,-28.030427630030317,28.030427630030317,0.035801958834161825
78246.0,78294.19795845542,-48.19795845542103,48.19795845542103,0.06159798386552799
78268.0,78247.59273000066,20.407269999341224,20.407269999341224,0.026073580517377758
78206.0,78267.13570265882,-61.13570265882299,61.13570265882299,0.07817264999977366
78296.0,78207.79503755945,88.20496244054812,88.20496244054812,0.1126557709723972
78269.0,78295.98494622156,-26.984946221564314,26.984946221564314,0.03447718282022808
78252.0,78269.31457119505,-17.31457119504921,17.31457119504921,0.02212668199541125
78253.0,78249.75860738386,3.24139261613891,3.24139261613891,0.004142195974772737
78246.0,78253.56327936589,-7.563279365887865,7.563279365887865,0.00966602684595745
78344.0,78246.31827602838,97.68172397161834,97.68172397161834,0.12468309503167867
78294.0,78343.84113071735,-49.841130717351916,49.841130717351916,0.06365894029855662
78277.0,78296.23422411495,-19.23422411494539,19.23422411494539,0.024571999584738033
78260.0,78278.5480307608,-18.548030760794063,18.548030760794063,0.02370052486684649
78269.0,78261.4218356074,7.578164392602048,7.578164392602048,0.00968220418377908
78267.0,78268.36560077794,-1.3656007779354695,1.3656007779354695,0.0017447976515459513
78237.0,78266.9174846218,-29.917484621793847,29.917484621793847,0.03823956008256176
78228.0,78236.24021090777,-8.240210907766595,8.240210907766595,0.010533582486790658
78224.0,78229.9528503794,-5.952850379399024,5.952850379399024,0.00761000508718427
78163.0,78223.57274673511,-60.57274673510983,60.57274673510983,0.07749542204765661
78185.0,78164.33150067377,20.66849932623154,20.66849932623154,0.02643537676821838
78172.0,78184.58805256609,-12.588052566090482,12.588052566090482,0.01610301970793952
78233.0,78171.56598382248,61.43401617751806,61.43401617751806,0.07852698500315475
78198.0,78234.3042089337,-36.30420893369592,36.30420893369592,0.04642600697421407
78202.0,78197.32527834724,4.674721652758308,4.674721652758308,0.005977752043116938
78259.0,78203.22894270864,55.77105729136383,55.77105729136383,0.07126472008505581
78318.0,78257.47929970121,60.52070029878814,60.52070029878814,0.07727559475317058
78304.0,78316.74041261723,-12.740412617233233,12.740412617233233,0.0162704492966301
78256.0,78304.53533551501,-48.535335515014594,48.535335515014594,0.06202123225697019
78265.0,78256.16132983609,8.838670163910137,8.838670163910137,0.01129326028737001
78208.0,78262.71985418512,-54.71985418512486,54.71985418512486,0.06996708033081636
78265.0,78209.01475592818,55.98524407182413,55.98524407182413,0.07153292540960088
78291.0,78264.12854970204,26.87145029795647,26.87145029795647,0.03432252787415727
78290.0,78291.48993858496,-1.4899385849566897,1.4899385849566897,0.0019031020372419077
78260.0,78289.34549716108,-29.34549716107722,29.34549716107722,0.03749744078849632
78155.0,78260.13589582955,-105.13589582954592,105.13589582954592,0.13452229010241942
78152.0,78157.20693446211,-5.206934462112258,5.206934462112258,0.006662573526093073
78149.0,78151.40826026893,-2.408260268930462,2.408260268930462,0.003081626468579844
78150.0,78150.1337729541,-0.1337729540973669,0.1337729540973669,0.00017117460537091094
78157.0,78151.21051048646,5.789489513539593,5.789489513539593,0.00740751246022697
78193.0,78158.71926492474,34.28073507525551,34.28073507525551,0.043841181531921666
78219.0,78192.5290253134,26.47097468659922,26.47097468659922,0.03384212874953556
78235.0,78218.24792805809,16.75207194191171,16.75207194191171,0.0214125032810273
78252.0,78234.19698722384,17.80301277615945,17.80301277615945,0.02275087253509105
78264.0,78250.62788066374,13.372119336258038,13.372119336258038,0.017085913493123325
78323.0,78263.58852639263,59.41147360736795,59.41147360736795,0.07585444072286295
78319.0,78321.7147835179,-2.714783517905744,2.714783517905744,0.003466315348645595
78307.0,78315.46087623925,-8.460876239245408,8.460876239245408,0.010804750838680332
78302.0,78305.97930457459,-3.97930457459006,3.97930457459006,0.005081996085144772
78340.0,78301.5768566227,38.423143377294764,38.423143377294764,0.049046647149980555
78320.0,78338.49356335218,-18.49356335218181,18.49356335218181,0.023612823483378204
78285.0,78319.60167866378,-34.60167866377742,34.60167866377742,0.044199627851794626
78279.0,78285.34085323337,-6.340853233370581,6.340853233370581,0.008100324778510942
78247.0,78278.61161138202,-31.611611382017145,31.611611382017145,0.04039977428146401
78247.0,78247.1913787234,-0.1913787233934272,0.1913787233934272,0.0002445828254034368
78229.0,78246.76133371225,-17.761333712245687,17.761333712245687,0.022704283209865506
78202.0,78228.9321212241,-26.932121224104776,26.932121224104776,0.03443917191901073
78193.0,78202.15098853964,-9.150988539637183,9.150988539637183,0.01170307897079941
78214.0,78192.59055451547,21.409445484532625,21.409445484532625,0.027372907004542184
78215.0,78213.34938619324,1.650613806763431,1.650613806763431,0.0021103545442222476
78232.0,78214.01015774565,17.989842254348332,17.989842254348332,0.022995503444048895
78228.0,78229.41239133065,-1.412391330653918,1.412391330653918,0.0018054805576697831
78190.0,78226.88736112344,-36.88736112344486,36.88736112344486,0.04717657133066231
78191.0,78189.70979949752,1.2902005024807295,1.2902005024807295,0.001650062670231522
78213.0,78191.10086017138,21.89913982861617,21.89913982861617,0.02799936050096042
78200.0,78212.71303816137,-12.713038161367876,12.713038161367876,0.016257082047785008
78221.0,78200.86647057458,20.133529425424058,20.133529425424058,0.025739289225941958
78296.0,78220.05891943374,75.94108056626283,75.94108056626283,0.09699228640832587
78395.0,78294.49617852671,100.50382147329219,100.50382147329219,0.12820182597524357
78436.0,78393.1578234203,42.84217657969566,42.84217657969566,0.054620552526512905
78488.0,78439.22332571431,48.776674285691115,48.776674285691115,0.062145390742140344
78554.0,78486.02428794699,67.9757120530121,67.9757120530121,0.08653373736921367
78483.0,78550.97613006286,-67.97613006285974,67.97613006285974,0.08661255311705686
78461.0,78482.42276457186,-21.42276457186381,21.42276457186381,0.02730371085235188
78462.0,78459.9930154281,2.006984571897192,2.006984571897192,0.0025579064666936754
78437.0,78460.97554420587,-23.975544205866754,23.975544205866754,0.030566625707085626
78418.0,78436.35881395037,-18.35881395036995,18.35881395036995,0.02341147944396688
78445.0,78417.78802739328,27.21197260671761,27.21197260671761,0.034689237818493986
78443.0,78444.08483899222,-1.0848389922175556,1.0848389922175556,0.0013829646905620077
78415.0,78442.42825461426,-27.428254614264006,27.428254614264006,0.03497832635881401
78462.0,78414.89860388944,47.101396110563655,47.101396110563655,0.06003083799873015
78452.0,78460.89111988808,-8.891119888081448,8.891119888081448,0.011333197226433294
78472.0,78450.78071194532,21.219288054679055,21.219288054679055,0.02704058524655808
78486.0,78470.73163379455,15.268366205447819,15.268366205447819,0.01945361746737994
78519.0,78486.00473327904,32.99526672095817,32.99526672095817,0.04202201597187709
78512.0,78519.67930529884,-7.6793052988359705,7.6793052988359705,0.009781059327027677
78509.0,78509.63779961002,-0.6377996100200107,0.6377996100200107,0.0008123904393381786
78576.0,78507.1634446609,68.83655533910496,68.83655533910496,0.08760506431875503
78575.0,78573.96560869596,1.0343913040414918,1.0343913040414918,0.0013164381852262066
78560.0,78572.22893769297,-12.228937692969339,12.228937692969339,0.01556636671711983
78557.0,78558.55495807224,-1.5549580722436076,1.5549580722436076,0.001979401036500385
78562.0,78555.36778991387,6.632210086128907,6.632210086128907,0.008442007695996675
78479.0,78561.88386615772,-82.88386615771742,82.88386615771742,0.10561279598073042
78486.0,78479.72705959284,6.272940407157876,6.272940407157876,0.00799243229003628
78531.0,78485.32079834303,45.67920165696705,45.67920165696705,0.058167095359752265
78544.0,78529.55918876322,14.440811236781883,14.440811236781883,0.018385632558542832
78572.0,78542.3417718565,29.65822814349667,29.65822814349667,0.037746561298549954
78556.0,78568.38871927076,-12.388719270762522,12.388719270762522,0.015770557654109833
78498.0,78555.64023639797,-57.64023639797233,57.64023639797233,0.07342892353687015
78517.0,78497.88297958417,19.11702041582612,19.11702041582612,0.024347619516571082
78500.0,78515.78885370432,-15.788853704318171,15.788853704318171,0.020113189432252446
78501.0,78499.41427053155,1.585729468453792,1.585729468453792,0.0020200118067971004
78522.0,78501.10137327635,20.898626723646885,20.898626723646885,0.026614995445412605
78541.0,78521.19645684557,19.803543154426734,19.803543154426734,0.025214274270033147
78541.0,78538.25496155504,2.7450384449621197,2.7450384449621197,0.003495038826806534
78517.0,78541.00949025698,-24.009490256983554,24.009490256983554,0.030578715764717903
78579.0,78515.94674969336,63.053250306635164,63.053250306635164,0.08024185890204147
78514.0,78577.3839420069,-63.383942006897996,63.383942006897996,0.0807294775541916
78522.0,78514.36875101626,7.631248983743717,7.631248983743717,0.009718612597416923
78523.0,78521.38101264655,1.6189873534458457,1.6189873534458457,0.0020618001775859884
78570.0,78521.62548802329,48.3745119767118,48.3745119767118,0.06156868012818098
78601.0,78567.91952356872,33.08047643127793,33.08047643127793,0.04208658468884357
78574.0,78599.4447510019,-25.444751001894474,25.444751001894474,0.03238316873507073
78622.0,78572.86586993505,49.13413006495102,49.13413006495102,0.06249412386475925
78601.0,78620.63813053204,-19.638130532039213,19.638130532039213,0.02498458102573659
78561.0,78599.7225698824,-38.72256988240406,38.72256988240406,0.04928981286185775
78549.0,78560.48935051363,-11.489350513627869,11.489350513627869,0.014626985083995809
78556.0,78547.57330546972,8.426694530280656,8.426694530280656,0.010726990338460023
78556.0,78555.96497886373,0.03502113626745995,0.03502113626745995,4.458110935824119e-05
78580.0,78554.99638936104,25.0036106389598,25.0036106389598,0.03181930597984194
78596.0,78578.98606484181,17.01393515818927,17.01393515818927,0.021647329581898914
78537.0,78593.72403144349,-56.724031443489366,56.724031443489366,0.0722258699001609
78506.0,78537.00732953656,-31.007329536558245,31.007329536558245,0.03949676398817701
78518.0,78509.12975776564,8.870242234363104,8.870242234363104,0.011297081222602593
78529.0,78516.40266329327,12.597336706734495,12.597336706734495,0.016041636474085363
78559.0,78529.29357330459,29.70642669541121,29.70642669541121,0.037814160943254384
78489.0,78558.65871050389,-69.65871050389251,69.65871050389251,0.08874964708926411
78520.0,78488.74310718499,31.256892815013998,31.256892815013998,0.03980755580108762
78515.0,78519.10910132347,-4.109101323469076,4.109101323469076,0.0052335239425193615
78520.0,78513.93797256732,6.062027432679315,6.062027432679315,0.0077203609687714145
78522.0,78520.653611726,1.3463882740034023,1.3463882740034023,0.0017146637553849904
78466.0,78520.87564770051,-54.875647700508125,54.875647700508125,0.06993557426211114
78476.0,78466.47646175629,9.523538243709481,9.523538243709481,0.0121356061008582
78443.0,78474.60840647761,-31.608406477607787,31.608406477607787,0.04029474456306845
78426.0,78443.18609459403,-17.186094594027963,17.186094594027963,0.021913771700747153
78428.0,78425.40158666647,2.5984133335296065,2.5984133335296065,0.0033131194643872173
78422.0,78427.53261454574,-5.532614545736578,5.532614545736578,0.007054926609543978
78428.0,78419.98330372655,8.016696273451089,8.016696273451089,0.010221727282923304
78438.0,78426.85880783711,11.141192162889638,11.141192162889638,0.014203819784912463
78437.0,78437.01069677447,-0.010696774465031922,0.010696774465031922,1.3637408958822905e-05
78482.0,78436.952418283,45.04758171699359,45.04758171699359,0.0573986158826146
78484.0,78481.10390182791,2.8960981720883865,2.8960981720883865,0.0036900491464354345
78461.0,78483.67983632542,-22.679836325420183,22.679836325420183,0.028905872121716754
78440.0,78460.63546313297,-20.63546313297411,20.63546313297411,0.026307321689156185
78427.0,78439.68566621585,-12.685666215853416,12.685666215853416,0.016175126188498114
78427.0,78426.22006901604,0.7799309839610942,0.7799309839610942,0.0009944674461105157
78447.0,78426.40386027354,20.596139726461843,20.596139726461843,0.026254846872999404
78378.0,78446.4878758049,-68.4878758049017,68.4878758049017,0.08738150476524242
78394.0,78379.30169505626,14.698304943740368,14.698304943740368,0.01874927283177331
78400.0,78393.54104962725,6.458950372747495,6.458950372747495,0.008238457108096295
78426.0,78399.6477461537,26.3522538463003,26.3522538463003,0.03360142535166947
78426.0,78425.45158228902,0.5484177109756274,0.5484177109756274,0.000699280482206956
78432.0,78426.29143010743,5.70856989256572,5.70856989256572,0.007278368386074204
78477.0,78431.56950989927,45.430490100727184,45.430490100727184,0.05789019725617338
78447.0,78476.94233732186,-29.942337321859668,29.942337321859668,0.038168874937039875
78444.0,78446.33136808865,-2.3313680886494694,2.3313680886494694,0.002972015818481298
78494.0,78443.13956746424,50.86043253575917,50.86043253575917,0.06479531242612069
78533.0,78492.62291139373,40.37708860627026,40.37708860627026,0.05141416806472472
78527.0,78532.33403254124,-5.334032541242777,5.334032541242777,0.006792609600828731
78514.0,78526.34004911532,-12.340049115315196,12.340049115315196,0.015717004757514835
78513.0,78513.0423848641,-0.04238486409303732,0.04238486409303732,5.398451733220909e-05
78512.0,78511.87495180774,0.1250481922616018,0.1250481922616018,0.00015927271278479952
78500.0,78510.24101319531,-10.24101319530746,10.24101319530746,0.01304587668192033
78471.0,78499.63970799654,-28.639707996539073,28.639707996539073,0.036497187491607186
78493.0,78470.88588392666,22.114116073338664,22.114116073338664,0.02817336077527762
78501.0,78492.39821794414,8.601782055862714,8.601782055862714,0.010957544561040896
78481.0,78500.37395784791,-19.373957847914426,19.373957847914426,0.024686176078177424
78442.0,78480.73007502487,-38.73007502486871,38.73007502486871,0.04937415545864297
78436.0,78442.4878673266,-6.487867326606647,6.487867326606647,0.008271542820397071
78382.0,78434.38801768445,-52.3880176844541,52.3880176844541,0.06683679631095672
78371.0,78382.96093605079,-11.960936050789314,11.960936050789314,0.015261941344106
78369.0,78370.370209741,-1.370209740998689,1.370209740998689,0.0017484078411089704
78390.0,78368.83817202203,21.161827977965004,21.161827977965004,0.026995570835521118
78377.0,78390.18597574037,-13.185975740372669,13.185975740372669,0.01682378215595477
78407.0,78376.69443951367,30.30556048633298,30.30556048633298,0.03865160060496254
78402.0,78407.22185690749,-5.221856907490292,5.221856907490292,0.006660361862567654
78455.0,78401.08142313384,53.91857686615549,53.91857686615549,0.06872548195290994
78455.0,78453.82236241385,1.1776375861518318,1.1776375861518318,0.001501035735328318
78431.0,78453.71060948362,-22.71060948361992,22.71060948361992,0.028956164633397407
78431.0,78430.33052000329,0.6694799967081053,0.6694799967081053,0.0008535910503603236
78424.0,78429.88743582569,-5.887435825687135,5.887435825687135,0.007507186353268303
78385.0,78423.05071567596,-38.05071567595587,38.05071567595587,0.04854336375066132
78363.0,78385.02968442046,-22.02968442045676,22.02968442045676,0.02811235458118852
78362.0,78364.10438976371,-2.104389763713698,2.104389763713698,0.002685472248939152
78356.0,78361.56490090836,-5.564900908357231,5.564900908357231,0.007102073751030209
78346.0,78354.18394254772,-8.183942547722836,8.183942547722836,0.010445897107347963
78350.0,78345.73645067193,4.2635493280686205,4.2635493280686205,0.0054416711270818385
78315.0,78349.975622083,-34.975622083002236,34.975622083002236,0.04466018270191181
78327.0,78315.43441912382,11.56558087618032,11.56558087618032,0.014765765159115402
78326.0,78326.17607290813,-0.17607290812884457,0.17607290812884457,0.00022479496990634602
78352.0,78325.51758834261,26.482411657387274,26.482411657387274,0.03379927973425985
78343.0,78350.88040456975,-7.880404569747043,7.880404569747043,0.010058849635254002
78357.0,78342.41843839549,14.581561604514718,14.581561604514718,0.0186091371600683
78338.0,78356.17009543972,-18.17009543972381,18.17009543972381,0.023194484719706667
78331.0,78337.53028003479,-6.530280034785392,6.530280034785392,0.008336776033480221
78339.0,78330.37556069245,8.624439307546709,8.624439307546709,0.01100912611540447
78337.0,78337.20722440853,-0.20722440852841828,0.20722440852841828,0.000264529415893407
78368.0,78337.24480979612,30.755190203883103,30.755190203883103,0.0392445771282706
78367.0,78367.29540039072,-0.2954003907216247,0.2954003907216247,0.00037694487567678324
78396.0,78366.44017948146,29.55982051853789,29.55982051853789,0.03770577646632212
78351.0,78394.93860376612,-43.93860376611701,43.93860376611701,0.05607918694862479
78366.0,78351.2960758205,14.703924179499154,14.703924179499154,0.01876314240805854
78399.0,78365.80810918988,33.19189081012155,33.19189081012155,0.042337135435556
78383.0,78398.07993175052,-15.079931750515243,15.079931750515243,0.01923877849854591
78393.0,78383.60589632703,9.394103672966594,9.394103672966594,0.01198334503459058
78381.0,78391.25324190965,-10.253241909653298,10.253241909653298,0.013081284890028577
78394.0,78380.40045740905,13.599542590949568,13.599542590949568,0.017347682974398
78417.0,78391.4925437734,25.507456226594513,25.507456226594513,0.032527967438941194
78460.0,78416.77573584822,43.22426415178052,43.22426415178052,0.05509082864106617
78434.0,78458.92893020555,-24.928930205554934,24.928930205554934,0.03178332127081997
78365.0,78434.31102510807,-69.31102510806522,69.31102510806522,0.08844640478283063
78377.0,78365.92744044647,11.07255955353321,11.07255955353321,0.014127307186461859
78362.0,78381.35592194361,-19.355921943613794,19.355921943613794,0.02470064820144176
78350.0,78361.6557851655,-11.655785165494308,11.655785165494308,0.014876560517542194
78357.0,78349.92629899849,7.073701001514564,7.073701001514564,0.009027529131429948
78369.0,78356.4631815168,12.536818483204115,12.536818483204115,0.015997165311799455
78334.0,78368.23499968843,-34.234999688429525,34.234999688429525,0.043703882973459195
78333.0,78334.2267675073,-1.2267675072944257,1.2267675072944257,0.0015660928437496659
78318.0,78332.73489752262,-14.734897522619576,14.734897522619576,0.01881419025335118
78317.0,78317.16497982708,-0.1649798270809697,0.1649798270809697,0.000210656469324629
78318.0,78316.52842252831,1.4715774716896703,1.4715774716896703,0.0018789773381466207
78307.0,78317.33082052555,-10.330820525545278,10.330820525545278,0.013192716520292282
78304.0,78306.51361742876,-2.5136174287617905,2.5136174287617905,0.0032100753840950532
78307.0,78303.31468545996,3.6853145400382346,3.6853145400382346,0.004706238956974772
78301.0,78306.17321922349,-5.173219223492197,5.173219223492197,0.006606836724297514
78296.0,78300.26224393946,-4.262243939461769,4.262243939461769,0.005443756947304803
78273.0,78295.27024976334,-22.2702497633436,22.2702497633436,0.02845202019003181
78276.0,78272.83134319188,3.1686568081204314,3.1686568081204314,0.004048056630538647
78261.0,78275.40251888492,-14.402518884919118,14.402518884919118,0.01840318790319459
78207.0,78260.77707117441,-53.777071174408775,53.777071174408775,0.06876247800632779
78192.0,78207.06294412566,-15.062944125660579,15.062944125660579,0.019264047633594968
78174.0,78192.1247539716,-18.124753971598693,18.124753971598693,0.02318514336172985
78098.0,78174.08988459139,-76.08988459139073,76.08988459139073,0.09742872364387145
78153.0,78099.82906425242,53.17093574757746,53.17093574757746,0.06803441422284168
78151.0,78153.20220082639,-2.2022008263884345,2.2022008263884345,0.0028178792675569533
78161.0,78150.71922342325,10.280776576750213,10.280776576750213,0.013153332962411194
78185.0,78160.7130830088,24.286916991200997,24.286916991200997,0.031063397059795352
78156.0,78184.2028586244,-28.202858624397777,28.202858624397777,0.03608534037616789
78178.0,78155.74899984867,22.251000151329208,22.251000151329208,0.028461971592173254
78168.0,78177.35680212246,-9.356802122463705,9.356802122463705,0.011970118363606213
78153.0,78167.51362570391,-14.513625703912112,14.513625703912112,0.018570785131616332
78130.0,78152.73099369105,-22.730993691046024,22.730993691046024,0.029093809920703984
78137.0,78130.18549330778,6.814506692215218,6.814506692215218,0.008721228985263342
78163.0,78136.52299245013,26.477007549867267,26.477007549867267,0.03387409330484663
78164.0,78162.55897597378,1.4410240262222942,1.4410240262222942,0.0018435904332202728
78125.0,78164.01828071034,-39.01828071034106,39.01828071034106,0.04994339930923656
78131.0,78124.8910808836,6.108919116406469,6.108919116406469,0.007818815983932713
78112.0,78131.66176589733,-19.661765897326404,19.661765897326404,0.025171248844385503
78112.0,78111.99163840705,0.008361592947039753,0.008361592947039753,1.0704620221015662e-05
78094.0,78111.81934921518,-17.81934921517677,17.81934921517677,0.02281782110684146
78070.0,78094.35040408572,-24.350404085722403,24.350404085722403,0.031190475324353022
78011.0,78070.37749297159,-59.377492971587344,59.377492971587344,0.07611425692734018
77953.0,78012.5522527936,-59.55225279359729,59.55225279359729,0.07639507497286478
77946.0,77954.69990167869,-8.699901678686729,8.699901678686729,0.011161447256673503
77994.0,77946.64932632064,47.35067367936426,47.35067367936426,0.060710661947539886
77988.0,77995.54416014013,-7.544160140125314,7.544160140125314,0.009673488408633782
78014.0,77988.51205032346,25.48794967653521,25.48794967653521,0.03267099453500039
78007.0,78013.98660038417,-6.9866003841743805,6.9866003841743805,0.00895637620235925
78015.0,78008.21113109154,6.788868908464792,6.788868908464792,0.008702004625347422
78019.0,78014.27957718763,4.720422812373727,4.720422812373727,0.00605035031514596
77951.0,78018.48521012721,-67.48521012721176,67.48521012721176,0.0865738863224484
77963.0,77952.27240622758,10.727593772418913,10.727593772418913,0.013759852458754683
77962.0,77964.27386136324,-2.2738613632391207,2.2738613632391207,0.0029166277971821152
77794.0,77961.87514464936,-167.8751446493552,167.8751446493552,0.21579446313257475
77829.0,77796.62142903678,32.37857096322114,32.37857096322114,0.04160219322260486
77847.0,77828.5895398489,18.410460151106236,18.410460151106236,0.023649543529109966
77879.0,77846.54181519269,32.458184807313955,32.458184807313955,0.04167771133080028
77834.0,77879.55830070584,-45.558300705844886,45.558300705844886,0.05853264730817494
77805.0,77835.51711772251,-30.51711772251292,30.51711772251292,0.039222566316448715
77871.0,77807.88370031051,63.11629968948546,63.11629968948546,0.08105238110398667
77874.0,77870.68094577038,3.3190542296215426,3.3190542296215426,0.004262082632998873
77883.0,77874.04786056415,8.95213943584531,8.95213943584531,0.011494343355861114
77890.0,77881.4623597351,8.537640264898073,8.537640264898073,0.010961150680315923
77971.0,77889.44105869724,81.55894130276283,81.55894130276283,0.10460163561165411
77958.0,77971.62307425612,-13.623074256116524,13.623074256116524,0.017474889371349347
77909.0,77960.18292949606,-51.18292949606257,51.18292949606257,0.06569578546260711
77918.0,77909.67657506566,8.3234249343368,8.3234249343368,0.01068228770545548
77911.0,77917.86260353251,-6.862603532514186,6.862603532514186,0.008808260107705183
77914.0,77910.53557244124,3.4644275587634183,3.4644275587634183,0.004446476318458067
77913.0,77914.04300760086,-1.0430076008633478,1.0430076008633478,0.001338682377604954
77956.0,77912.89440247619,43.10559752381232,43.10559752381232,0.05529477849532085
77974.0,77955.30313277278,18.696867227219627,18.696867227219627,0.023978335377458675
77959.0,77973.27147294508,-14.271472945081769,14.271472945081769,0.018306382771818223
77965.0,77958.50525183417,6.49474816583097,6.49474816583097,0.008330338184866247
77948.0,77964.48315604389,-16.48315604389063,16.48315604389063,0.021146348904257494
77955.0,77945.89426279704,9.105737202960881,9.105737202960881,0.011680760955629378
77935.0,77953.66311453354,-18.663114533541375,18.663114533541375,0.02394702576960464
77936.0,77935.02104587814,0.9789541218633531,0.9789541218633531,0.001256100033185374
77958.0,77935.39641751275,22.603582487252424,22.603582487252424,0.028994564364468588
77981.0,77957.27210291364,23.72789708635537,23.72789708635537,0.03042779277818362
77971.0,77981.23669021844,-10.236690218443982,10.236690218443982,0.013128843055038388
77967.0,77970.33545553712,-3.3354555371188326,3.3354555371188326,0.0042780349854667134
77974.0,77966.06294118678,7.937058813215117,7.937058813215117,0.010179109463686765
77966.0,77973.05363769815,-7.053637698147213,7.053637698147213,0.009047068848148184
77961.0,77965.36661199048,-4.366611990481033,4.366611990481033,0.00560102101112227
77972.0,77960.33375134891,11.666248651090427,11.666248651090427,0.014962100050133929
77961.0,77971.23721510597,-10.237215105968062,10.237215105968062,0.013131200351416815
77990.0,77960.20700766619,29.792992333808797,29.792992333808797,0.038201041587137836
78052.0,77988.71612952097,63.283870479033794,63.283870479033794,0.08107911453778736
78027.0,78050.59644084654,-23.596440846537007,23.596440846537007,0.030241379069472114
78020.0,78026.74190242135,-6.741902421345003,6.741902421345003,0.008641248937894135
78040.0,78018.45650231298,21.543497687016497,21.543497687016497,0.027605712054095972
78091.0,78038.71323049205,52.28676950794761,52.28676950794761,0.06695620431028877
78122.0,78089.63834246843,32.3616575315682,32.3616575315682,0.041424512341681215
78127.0,78120.06685588515,6.933144114853349,6.933144114853349,0.008874197287561725
78125.0,78125.1899013229,-0.18990132289764006,0.18990132289764006,0.00024307369330897925
78105.0,78123.2870423489,-18.28704234889301,18.28704234889301,0.023413408039041045
78099.0,78104.3033617018,-5.303361701793619,5.303361701793619,0.006790562877621505
78125.0,78098.03084958544,26.969150414559408,26.969150414559408,0.03452051253063604
78101.0,78123.64883480912,-22.64883480912249,22.64883480912249,0.02899941717663345
78120.0,78100.26184201534,19.738157984655118,19.738157984655118,0.025266459273752075
78151.0,78118.7501484195,32.24985158050549,32.24985158050549,0.04126607667273035
78166.0,78150.34246817847,15.657531821532757,15.657531821532757,0.020031128395380033
78151.0,78164.29083239146,-13.290832391459844,13.290832391459844,0.017006605662704052
78113.0,78149.72055259589,-36.72055259588524,36.72055259588524,0.04700952798623179
78099.0,78111.30880761126,-12.308807611261727,12.308807611261727,0.01576051884308599
78142.0,78097.99211406485,44.007885935148806,44.007885935148806,0.0563178392351729
78132.0,78140.64625681641,-8.64625681641337,8.64625681641337,0.011066217191948715
78129.0,78131.32061173045,-2.3206117304507643,2.3206117304507643,0.002970230939152894
78150.0,78128.3904992443,21.609500755701447,21.609500755701447,0.02765131254728272
78162.0,78148.2791377169,13.720862283094903,13.720862283094903,0.017554389963274866
78169.0,78160.18240166342,8.817598336579977,8.817598336579977,0.011280172877457785
78139.0,78169.21009574033,-30.21009574033087,30.21009574033087,0.03866199431824169
78145.0,78137.39649183174,7.603508168263943,7.603508168263943,0.009729999575486523
78153.0,78143.42201723183,9.577982768169022,9.577982768169022,0.012255425598721767
78181.0,78153.24638867713,27.75361132287071,27.75361132287071,0.03549917668342783
78158.0,78179.55251384774,-21.552513847738737,21.552513847738737,0.027575569804420195
78162.0,78156.86862604249,5.131373957512551,5.131373957512551,0.006565049458192665
78171.0,78160.2940307704,10.705969229602488,10.705969229602488,0.013695576658354745
78192.0,78169.33682118075,22.66317881924624,22.66317881924624,0.028984012199772664
78197.0,78190.3405072676,6.659492732404033,6.659492732404033,0.008516302073486236
78253.0,78195.48674828731,57.51325171269127,57.51325171269127,0.07349654545217599
78263.0,78251.66978035144,11.33021964856016,11.33021964856016,0.01447710878519883
78257.0,78260.27560941194,-3.275609411939513,3.275609411939513,0.004185707875256543
78244.0,78254.81281597889,-10.812815978890285,10.812815978890285,0.013819354811730336
78246.0,78242.69040355683,3.3095964431704488,3.3095964431704488,0.004229732437658729
78246.0,78243.52349746773,2.4765025322703877,2.4765025322703877,0.0031650212563842086
78266.0,78243.92628356788,22.07371643211809,22.07371643211809,0.028203455436738932
78256.0,78264.57698375071,-8.576983750710497,8.576983750710497,0.010960161202604908
78273.0,78256.6554474301,16.344552569906227,16.344552569906227,0.02088146943378461
78274.0,78271.4225842906,2.5774157093983376,2.5774157093983376,0.003292812056875
78279.0,78272.33254359142,6.667456408584258,6.667456408584258,0.008517554399755052
78291.0,78277.02561037091,13.974389629089274,13.974389629089274,0.017849292548427372
78302.0,78289.43759297546,12.562407024539425,12.562407024539425,0.016043532763581295
78311.0,78300.32794821296,10.67205178704171,10.67205178704171,0.01362778126577583
78285.0,78309.32024696078,-24.320246960778604,24.320246960778604,0.03106629234307799
78330.0,78284.02458191979,45.975418080211966,45.975418080211966,0.05869452072030124
78329.0,78328.29213388624,0.7078661137638846,0.7078661137638846,0.0009037088610398252
78326.0,78327.14277802284,-1.1427780228405027,1.1427780228405027,0.0014590021485081618
78326.0,78323.83146556164,2.16853443835862,2.16853443835862,0.0027686010243834994
78365.0,78324.37778494539,40.622215054609114,40.622215054609114,0.05183719141786399
78371.0,78363.23063124182,7.769368758177734,7.769368758177734,0.009913576141911847
78400.0,78372.22866508925,27.77133491075074,27.77133491075074,0.035422621059631045
78400.0,78398.1812390833,1.818760916707106,1.818760916707106,0.002319848108044778
78401.0,78398.16628612566,2.8337138743372634,2.8337138743372634,0.003614384860317169
78410.0,78399.23662888705,10.763371112945606,10.763371112945606,0.013727038787075128
78401.0,78408.25827058456,-7.258270584556158,7.258270584556158,0.00925788010938146
78401.0,78399.43066246685,1.5693375331466086,1.5693375331466086,0.0020016805055376955
78400.0,78399.35696251804,0.6430374819610734,0.6430374819610734,0.0008202008698483077
78360.0,78398.38802784018,-38.38802784017753,38.38802784017753,0.04898931577358031
78346.0,78359.58779121125,-13.587791211248259,13.587791211248259,0.01734331198944204
78357.0,78344.85487612773,12.145123872265685,12.145123872265685,0.015499730556639084
78346.0,78355.7726184687,-9.772618468705332,9.772618468705332,0.01247366613318527
78345.0,78345.92519071423,-0.9251907142315758,0.9251907142315758,0.0011809186473056045
78325.0,78343.66854350931,-18.66854350930953,18.66854350930953,0.023834718811758096
78300.0,78324.26030984712,-24.260309847115423,24.260309847115423,0.030983792908193388
78261.0,78300.0680858843,-39.068085884297034,39.068085884297034,0.04992024876285383
78271.0,78260.85229863318,10.147701366819092,10.147701366819092,0.012964829076949434
78264.0,78270.05354327895,-6.053543278947473,6.053543278947473,0.007734773687707595
78259.0,78263.19456459398,-4.194564593984978,4.194564593984978,0.005359849466495838
78254.0,78258.08982578231,-4.08982578231371,4.08982578231371,0.005226347256771169
78260.0,78253.11005717712,6.889942822876037,6.889942822876037,0.008803913650493276
78233.0,78258.78495407896,-25.784954078961164,25.784954078961164,0.03295917845277717
78233.0,78232.57461734505,0.4253826549538644,0.4253826549538644,0.000543738134743477
78235.0,78231.87517078282,3.124829217180377,3.124829217180377,0.003994157624056211
78262.0,78234.0026626232,27.997337376800715,27.997337376800715,0.035773858803507086
78235.0,78260.60619771756,-25.606197717555915,25.606197717555915,0.032729849450445346
78227.0,78234.61662688144,-7.616626881441334,7.616626881441334,0.009736570342006385
78222.0,78226.11844037377,-4.118440373771591,4.118440373771591,0.005265066571772124
78207.0,78221.13511674407,-14.135116744073457,14.135116744073457,0.018073978984072342
78166.0,78206.47689472446,-40.47689472445927,40.47689472445927,0.051783249398023784
78159.0,78165.34496594217,-6.344965942174895,6.344965942174895,0.008118023442181828
78168.0,78157.93754201022,10.062457989784889,10.062457989784889,0.01287286100422793
78177.0,78167.51821121947,9.481788780525676,9.481788780525676,0.01212861683170968
78180.0,78176.64467916437,3.3553208356315736,3.3553208356315736,0.004291789249976431
78159.0,78179.48519362655,-20.485193626547698,20.485193626547698,0.026209641406041147
78155.0,78158.72736784922,-3.7273678492201725,3.7273678492201725,0.00476919947440365
78157.0,78154.40575749027,2.594242509730975,2.594242509730975,0.003319270839119945
78167.0,78156.38002973679,10.619970263214782,10.619970263214782,0.013586257964633133
78155.0,78166.31378507597,-11.313785075966734,11.313785075966734,0.014476086080182629
78146.0,78154.6364077091,-8.636407709098421,8.636407709098421,0.011051631189182327
78132.0,78145.0719473383,-13.071947338306927,13.071947338306927,0.01673059353185241
78104.0,78131.70680455572,-27.706804555724375,27.706804555724375,0.035474245308466115
78122.0,78104.36639603523,17.633603964772192,17.633603964772192,0.022571879835094073
78149.0,78121.60765801858,27.39234198142367,27.39234198142367,0.03505142993694566
78145.0,78148.39586023928,-3.395860239281319,3.395860239281319,0.004345588635589377
78146.0,78144.50537150748,1.4946284925244981,1.4946284925244981,0.0019126103607663837
78146.0,78145.29151250958,0.7084874904248863,0.7084874904248863,0.0009066202882103835
78160.0,78145.22720547782,14.772794522184995,14.772794522184995,0.018900709470553986
78160.0,78159.25547035286,0.7445296471414622,0.7445296471414622,0.0009525711964450642
78122.0,78159.28167525599,-37.281675255988375,37.281675255988375,0.04772237686693681
78162.0,78122.20956883702,39.79043116298271,39.79043116298271,0.05090764202935277
78163.0,78161.4868117515,1.513188248500228,1.513188248500228,0.0019359393171964074
78159.0,78164.03062312021,-5.0306231202121126,5.0306231202121126,0.006436396474125965
78153.0,78158.11357780194,-5.113577801937936,5.113577801937936,0.006543034562893218
78120.0,78152.50765308659,-32.507653086591745,32.507653086591745,0.041612459148222924
78130.0,78121.17693870181,8.823061298186076,8.823061298186076,0.01129279572275192
78136.0,78129.49874218332,6.501257816678844,6.501257816678844,0.008320438487609865
78129.0,78135.56500263605,-6.565002636052668,6.565002636052668,0.008402773152162025
78095.0,78128.43992011681,-33.43992011681257,33.43992011681257,0.04281954045305406
78085.0,78095.7707591402,-10.770759140199516,10.770759140199516,0.013793634040083904
78097.0,78084.72598097839,12.27401902161364,12.27401902161364,0.015716377097217103
78095.0,78096.44862086716,-1.448620867158752,1.448620867158752,0.0018549470096148946
78096.0,78094.56854868884,1.4314513111603446,1.4314513111603446,0.0018329380648949302
78096.0,78096.22093027024,-0.22093027023947798,0.22093027023947798,0.0002828957568114602
78075.0,78095.298123719,-20.298123718996067,20.298123718996067,0.025998237232143537
78076.0,78074.76154536671,1.2384546332905302,1.2384546332905302,0.0015862168057924715
78088.0,78075.36265702028,12.637342979724053,12.637342979724053,0.016183463502361505
78088.0,78087.10289128705,0.8971087129466468,0.8971087129466468,0.0011488432447324132
78075.0,78087.26694309514,-12.266943095135503,12.266943095135503,0.01571174267708678
78051.0,78074.56676482932,-23.566764829316526,23.566764829316526,0.030194058794014843
78044.0,78050.92604471781,-6.926044717809418,6.926044717809418,0.008874538360167878
78064.0,78043.5599283955,20.440071604505647,20.440071604505647,0.026183735914769482
78050.0,78063.44107834419,-13.441078344185371,13.441078344185371,0.017221112548603933
78061.0,78049.72899283846,11.271007161543821,11.271007161543821,0.014438717364040711
78061.0,78060.37258143871,0.6274185612855945,0.6274185612855945,0.0008037541938811884
78060.0,78060.17441912962,-0.1744191296165809,0.1744191296165809,0.000223442389977685
78060.0,78059.20419787487,0.7958021251251921,0.7958021251251921,0.0010194749232964285
78081.0,78059.26023207755,21.7397679224523,21.7397679224523,0.027842583883982405
78108.0,78080.12746056498,27.872539435018552,27.872539435018552,0.03568461544914548
78107.0,78107.07140834897,-0.07140834897290915,0.07140834897290915,9.142375071748902e-05
78121.0,78105.9516640513,15.048335948697058,15.048335948697058,0.01926285627257339
78136.0,78119.82905628483,16.170943715173053,16.170943715173053,0.020695893973550032
78136.0,78134.63206110692,1.367938893075916,1.367938893075916,0.001750715282425407
78140.0,78134.79549569912,5.204504300883855,5.204504300883855,0.006660486691686531
78119.0,78139.06067462526,-20.060674625259708,20.060674625259708,0.025679635716355443
78117.0,78118.52286942299,-1.5228694229881512,1.5228694229881512,0.001949472487407544
78132.0,78116.22461370131,15.775386298686499,15.775386298686499,0.02019068537690895
78137.0,78130.95207596464,6.047924035359756,6.047924035359756,0.007740153877624885
78141.0,78136.06346285228,4.9365371477179,4.9365371477179,0.006317473730458913
78148.0,78139.94997401556,8.050025984441163,8.050025984441163,0.010301000645494655
78149.0,78146.87556248835,2.1244375116511947,2.1244375116511947,0.0027184449086375957
78149.0,78147.8746221448,1.1253778552054428,1.1253778552054428,0.001440041273983599
78154.0,78147.92472100005,6.075278999953298,6.075278999953298,0.007773471607279599
78168.0,78152.82299987477,15.177000125229824,15.177000125229824,0.01941587366342982
78157.0,78166.82246025748,-9.82246025747736,9.82246025747736,0.012567601440021189
78159.0,78156.49126993751,2.5087300624873023,2.5087300624873023,0.0032097775847788517
78184.0,78158.03230807815,25.96769192184729,25.96769192184729,0.03321356277735508
78187.0,78182.71718489342,4.282815106576891,4.282815106576891,0.005477656268403815
78189.0,78185.61282420489,3.387175795112853,3.387175795112853,0.004332036213678207
78232.0,78187.69379132563,44.30620867437392,44.30620867437392,0.056634380655452905
78238.0,78230.57260275705,7.427397242950974,7.427397242950974,0.009493337307895106
78251.0,78237.8043889751,13.195611024901154,13.195611024901154,0.016863185166836405
78244.0,78249.45167768511,-5.451677685108734,5.451677685108734,0.0069675344884064395
78285.0,78242.99068771472,42.00931228528498,42.00931228528498,0.05366201990839239
78275.0,78283.93751368963,-8.93751368962694,8.93751368962694,0.011418094780743456
78258.0,78273.77273925325,-15.772739253254258,15.772739253254258,0.020154794721631345
78250.0,78256.94216155361,-6.942161553612095,6.942161553612095,0.008871771953497885
78251.0,78248.90563941277,2.094360587230767,2.094360587230767,0.0026764649489856578
78245.0,78249.67160183465,-4.6716018346487544,4.6716018346487544,0.005970479691544193
78254.0,78243.93737357316,10.062626426835777,10.062626426835777,0.012858929162516648
78256.0,78252.42492447112,3.575075528875459,3.575075528875459,0.004568436322934291
78251.0,78254.33854894563,-3.338548945626826,3.338548945626826,0.004266461700971011
